INSERT INTO GRAPE(GRAPE_NO, GRAPE_NAME, WINE_TYPE_NO)
VALUES(1, '카베르네 소비뇽', 1);

INSERT INTO GRAPE(GRAPE_NO, GRAPE_NAME, WINE_TYPE_NO)
VALUES(2, '메를로', 1);

INSERT INTO GRAPE(GRAPE_NO, GRAPE_NAME, WINE_TYPE_NO)
VALUES(3, '피노 누아', 1);

INSERT INTO GRAPE(GRAPE_NO, GRAPE_NAME, WINE_TYPE_NO)
VALUES(4, '쉬라', 1);

INSERT INTO GRAPE(GRAPE_NO, GRAPE_NAME, WINE_TYPE_NO)
VALUES(5, '그 외', 1);

INSERT INTO GRAPE(GRAPE_NO, GRAPE_NAME, WINE_TYPE_NO)
VALUES(6, '샤르도네', 2);

INSERT INTO GRAPE(GRAPE_NO, GRAPE_NAME, WINE_TYPE_NO)
VALUES(7, '소비뇽 블랑', 2);

INSERT INTO GRAPE(GRAPE_NO, GRAPE_NAME, WINE_TYPE_NO)
VALUES(8, '리슬링', 2);

INSERT INTO GRAPE(GRAPE_NO, GRAPE_NAME, WINE_TYPE_NO)
VALUES(9, '그 외', 2);

INSERT INTO GRAPE(GRAPE_NO, GRAPE_NAME, WINE_TYPE_NO)
VALUES(10, '샤르도네', 3);

INSERT INTO GRAPE(GRAPE_NO, GRAPE_NAME, WINE_TYPE_NO)
VALUES(11, '소비뇽 블랑', 3);

INSERT INTO GRAPE(GRAPE_NO, GRAPE_NAME, WINE_TYPE_NO)
VALUES(12, '뮈스카', 3);

INSERT INTO GRAPE(GRAPE_NO, GRAPE_NAME, WINE_TYPE_NO)
VALUES(13, '그 외', 3);

-- COUNTRY

INSERT INTO COUNTRY (COUNTRY_NO, COUNTRY_NAME)
VALUES(1, '프랑스');

INSERT INTO COUNTRY (COUNTRY_NO, COUNTRY_NAME)
VALUES(2, '이탈리아');

INSERT INTO COUNTRY (COUNTRY_NO, COUNTRY_NAME)
VALUES(3, '미국');

INSERT INTO COUNTRY (COUNTRY_NO, COUNTRY_NAME)
VALUES(4, '칠레');

INSERT INTO COUNTRY (COUNTRY_NO, COUNTRY_NAME)
VALUES(5, '호주');

INSERT INTO COUNTRY (COUNTRY_NO, COUNTRY_NAME)
VALUES(6, '그 외');

-- WINE
-- WINE
INSERT INTO WINE (WINE_NO, WINE_NAME, GRAPE_NO, COUNTRY_NO, VINTAGE, PRICE, VOLUME, QUANTITY, CONTENT, STATUS)
VALUES(WINE_SEQ.NEXTVAL, '샤또 마고', 1, 1, 2010, 1000000, 750, 10, '보르도의 최고 레드 와인중 하나', 'Y');
INSERT INTO WINE (WINE_NO, WINE_NAME, GRAPE_NO, COUNTRY_NO, VINTAGE, PRICE, VOLUME, QUANTITY, CONTENT, STATUS)
VALUES(WINE_SEQ.NEXTVAL, '샤또 슈발 블랑', 2, 1, 2015, 100000, 750, 10, '보르도의 최고 레드 와인중 하나', 'Y');
INSERT INTO WINE (WINE_NO, WINE_NAME, GRAPE_NO, COUNTRY_NO, VINTAGE, PRICE, VOLUME, QUANTITY, CONTENT, STATUS)
VALUES(WINE_SEQ.NEXTVAL, '도멘 드 라 로마네 꽁티-라 타슈', 3, 1, 2009, 400000, 750, 10, '부르고뉴의 최고 로마네꽁띠', 'Y');
INSERT INTO WINE (WINE_NO, WINE_NAME, GRAPE_NO, COUNTRY_NO, VINTAGE, PRICE, VOLUME, QUANTITY, CONTENT, STATUS)
VALUES(WINE_SEQ.NEXTVAL, '투핸즈 엔젤스 쉐어 쉬라즈', 4, 4, 2022, 30000, 750, 10, '프리미엄 호주 쉬라즈의 대명사', 'Y');
INSERT INTO WINE (WINE_NO, WINE_NAME, GRAPE_NO, COUNTRY_NO, VINTAGE, PRICE, VOLUME, QUANTITY, CONTENT, STATUS)
VALUES(WINE_SEQ.NEXTVAL, '로베르토 보에르지오 랑게 네비올로 디산프란체스코', 5, 2, 2013, 100000, 750, 10, '이태리 가성비 네비올로의 최강자', 'Y');
INSERT INTO WINE (WINE_NO, WINE_NAME, GRAPE_NO, COUNTRY_NO, VINTAGE, PRICE, VOLUME, QUANTITY, CONTENT, STATUS)
VALUES(WINE_SEQ.NEXTVAL, '오베르 래리 하이드 앤 선즈 샤도네이', 6, 3, 2023, 210000, 750, 10, '와인 미국 5대 화이트 컬트 와이너리', 'Y');
INSERT INTO WINE (WINE_NO, WINE_NAME, GRAPE_NO, COUNTRY_NO, VINTAGE, PRICE, VOLUME, QUANTITY, CONTENT, STATUS)
VALUES(WINE_SEQ.NEXTVAL, '파스칼 졸리베 상세르 블랑', 7, 1, 2009, 87000, 750, 10, '프랑스 루아르 밸리에서 가장 유명한 도멘 중 하나', 'Y');
INSERT INTO WINE (WINE_NO, WINE_NAME, GRAPE_NO, COUNTRY_NO, VINTAGE, PRICE, VOLUME, QUANTITY, CONTENT, STATUS)
VALUES(WINE_SEQ.NEXTVAL, '군트럼 리슬링 로얄블루', 8, 6, 2024, 13000, 750, 10, '우아하고 클래식한 전통 리슬링', 'Y');
INSERT INTO WINE (WINE_NO, WINE_NAME, GRAPE_NO, COUNTRY_NO, VINTAGE, PRICE, VOLUME, QUANTITY, CONTENT, STATUS)
VALUES(WINE_SEQ.NEXTVAL, '샤또 디켐', 9, 1, 1986, 990000, 750, 10, '신들의 넥타라 칭송받는 세계 최고의 스위트 와인', 'Y');
INSERT INTO WINE (WINE_NO, WINE_NAME, GRAPE_NO, COUNTRY_NO, VINTAGE, PRICE, VOLUME, QUANTITY, CONTENT, STATUS)
VALUES(WINE_SEQ.NEXTVAL, '페리에 주에 벨 에포크 블랑 드 블랑', 10, 1, 2019, 340000, 750, 10, ' 유럽 왕실의 샴페인으로, 빅토리아 여왕, 나폴레옹 3세, 벨기에의 레오폴 1세 등이 사랑한 샴페인', 'Y');
INSERT INTO WINE (WINE_NO, WINE_NAME, GRAPE_NO, COUNTRY_NO, VINTAGE, PRICE, VOLUME, QUANTITY, CONTENT, STATUS)
VALUES(WINE_SEQ.NEXTVAL, '생 클레어 비카스 초이스 소비뇽 블랑 스파클링', 11, 6, 2024, 18000, 750, 10, '각종 국제대회에서 금메달을 수상하며 세계적으로 주목을 받기 시작한 뉴질랜드 와인', 'Y');
INSERT INTO WINE (WINE_NO, WINE_NAME, GRAPE_NO, COUNTRY_NO, VINTAGE, PRICE, VOLUME, QUANTITY, CONTENT, STATUS)
VALUES(WINE_SEQ.NEXTVAL, '파올로 사라꼬 모스카토 다스티', 12, 2, 2024, 61000, 750, 10, '모스카토 다스티 3대장중 하나', 'Y');
INSERT INTO WINE (WINE_NO, WINE_NAME, GRAPE_NO, COUNTRY_NO, VINTAGE, PRICE, VOLUME, QUANTITY, CONTENT, STATUS)
VALUES(WINE_SEQ.NEXTVAL, '로저 구라트 브뤼', 13, 6, 2017, 35000, 750, 10, '가성비 끝판왕 스페인의 돔 페리뇽이라 불리는 로저 구라트', 'Y');

--CHARACTERISTIC
-- WINE_NO 1: 샤또 마고
INSERT INTO "CHARACTERISTIC" (WINE_NO, BODY, SWEET, BITTER, SOUR)
VALUES (1, 5, 2, 3, 2);

-- WINE_NO 2: 샤또 슈발 블랑
INSERT INTO "CHARACTERISTIC" (WINE_NO, BODY, SWEET, BITTER, SOUR)
VALUES (2, 5, 3, 2, 2);

-- WINE_NO 3: 도멘 드 라 로마네 꽁티-라 타슈
INSERT INTO "CHARACTERISTIC" (WINE_NO, BODY, SWEET, BITTER, SOUR)
VALUES (3, 5, 1, 4, 3);

-- WINE_NO 4: 투핸즈 엔젤스 쉐어 쉬라즈
INSERT INTO "CHARACTERISTIC" (WINE_NO, BODY, SWEET, BITTER, SOUR)
VALUES (4, 4, 3, 2, 2);

-- WINE_NO 5: 로베르토 보에르지오 랑게 네비올로 디산프란체스코
INSERT INTO "CHARACTERISTIC" (WINE_NO, BODY, SWEET, BITTER, SOUR)
VALUES (5, 4, 2, 3, 3);

-- WINE_NO 6: 오베르 래리 하이드 앤 선즈 샤도네이
INSERT INTO "CHARACTERISTIC" (WINE_NO, BODY, SWEET, BITTER, SOUR)
VALUES (6, 3, 2, 2, 2);

-- WINE_NO 7: 파스칼 졸리베 상세르 블랑
INSERT INTO "CHARACTERISTIC" (WINE_NO, BODY, SWEET, BITTER, SOUR)
VALUES (7, 3, 1, 2, 3);

-- WINE_NO 8: 군트럼 리슬링 로얄블루
INSERT INTO "CHARACTERISTIC" (WINE_NO, BODY, SWEET, BITTER, SOUR)
VALUES (8, 2, 4, 1, 3);

-- WINE_NO 9: 샤또 디켐
INSERT INTO "CHARACTERISTIC" (WINE_NO, BODY, SWEET, BITTER, SOUR)
VALUES (9, 5, 5, 1, 3);

-- WINE_NO 10: 페리에 주에 벨 에포크 블랑 드 블랑
INSERT INTO "CHARACTERISTIC" (WINE_NO, BODY, SWEET, BITTER, SOUR)
VALUES (10, 4, 2, 2, 2);

-- WINE_NO 11: 생 클레어 비카스 초이스 소비뇽 블랑 스파클링
INSERT INTO "CHARACTERISTIC" (WINE_NO, BODY, SWEET, BITTER, SOUR)
VALUES (11, 3, 2, 1, 3);

-- WINE_NO 12: 파올로 사라꼬 모스카토 다스티
INSERT INTO "CHARACTERISTIC" (WINE_NO, BODY, SWEET, BITTER, SOUR)
VALUES (12, 2, 5, 1, 2);

-- WINE_NO 13: 로저 구라트 브뤼
INSERT INTO "CHARACTERISTIC" (WINE_NO, BODY, SWEET, BITTER, SOUR)
VALUES (13, 3, 2, 2, 2);

--USER_GRADE
INSERT INTO "USER_GRADE" (GRADE_NO,GRADE_NAME)
VALUES(0,'관리자');

INSERT INTO "USER_GRADE" (GRADE_NO,GRADE_NAME)
VALUES(1,'사용자');

--USER
INSERT INTO "USER" (
   "USER_NO","GRADE_NO", "USER_ID", "USER_PWD", "USER_NAME", "USER_EMAIL", "USER_SSN", "PHONE", "ADDRESS", "ENROLL_DATE", "MODIFY_DATE", "STATUS"
) VALUES (
   USER_SEQ.NEXTVAL, 0, 'admin', 'admin', '관리자', 'admin@example.com', '123456-1234567', '010-1234-5678', '서울시 강남구', DEFAULT, DEFAULT, 'Y'
);


INSERT INTO "USER" (
   "USER_NO", "GRADE_NO", "USER_ID", "USER_PWD", "USER_NAME", "USER_EMAIL", "USER_SSN", "PHONE", "ADDRESS", "ENROLL_DATE", "MODIFY_DATE", "STATUS"
) VALUES (
   USER_SEQ.NEXTVAL, DEFAULT, 'user', 'user', '홍길동', 'user@example.com', '123456-1234567', '010-5678-1234', '서울시 강남구', DEFAULT, DEFAULT, 'Y'
);
------------- HJW 추가한 부분---------------
-- WISH
INSERT INTO "WISH" VALUES (1, 1);
INSERT INTO "WISH" VALUES (1, 2);
INSERT INTO "WISH" VALUES (1, 3);
INSERT INTO "WISH" VALUES (1, 9);
INSERT INTO "WISH" VALUES (1, 10);

INSERT INTO "WISH" VALUES (2, 4);
INSERT INTO "WISH" VALUES (2, 5);
INSERT INTO "WISH" VALUES (2, 6);

--HISTORY
INSERT INTO "HISTORY" VALUES (SEQ_ORDER_NO.NEXTVAL, 1, 1, DEFAULT, DEFAULT, DEFAULT, 1, '서울시 강남구');
INSERT INTO "HISTORY" VALUES (SEQ_ORDER_NO.NEXTVAL, 1, 1, '2024-07-11', DEFAULT, DEFAULT, 1, '서울시 강남구');
INSERT INTO "HISTORY" VALUES (SEQ_ORDER_NO.NEXTVAL, 1, 1, '2024-07-08', DEFAULT, DEFAULT, 1, '서울시 강남구');






